FILE_ID;DX_GROUP;DSM_IV_TR;SEX;AGE_AT_SCAN;HANDEDNESS_CATEGORY;SITE_ID;EXISTS;START_TIME;END_TIME;SUBJ_AVG;SUBJ_STD;SUBJ_MAX;SUBJ_MIN;SITE_AVG;SITE_STD;SITE_MAX;SITE_MIN;SET_AVG;SET_STD;SET_MAX;SET_MIN;ROI_SUBJ_AVG;ROI_SUBJ_STD;ROI_SUBJ_MAX;ROI_SUBJ_MIN;ROI_SITE_AVG;ROI_SITE_STD;ROI_SITE_MAX;ROI_SITE_MIN;ROI_SET_AVG;ROI_SET_STD;ROI_SET_MAX;ROI_SET_MIN
CMU_b_0050651;1;1;1;39.0;Ambi;CMU;;0;315;2380.6833596126726;4469.443398243725;24514.09375;-16.22715950012207;2498.584981768973;4572.086836494507;28429.37109375;-29.554058074951172;2807.0483453574097;4794.435801974305;48470.0234375;-2117.51025390625;7719.5738247516365;4328.098178463434;15914.80078125;0.0;8736.642728679337;3906.7015683247187;15914.80078125;0.0;9910.3937532019;2786.275317193267;21735.966796875;0.0
CMU_b_0050657;2;0;1;21.0;R;CMU;;0;315;2388.917915117905;4500.614768220988;22791.5078125;0.0;2498.584981768973;4572.086836494507;28429.37109375;-29.554058074951172;2807.0483453574097;4794.435801974305;48470.0234375;-2117.51025390625;7125.503564342511;4562.4007796528995;13188.6982421875;0.0;8736.642728679337;3906.7015683247187;15914.80078125;0.0;9910.3937532019;2786.275317193267;21735.966796875;0.0
CMU_b_0050669;2;0;2;30.0;R;CMU;;0;315;2410.131282921825;4532.1398856252445;26122.328125;-17.455568313598633;2498.584981768973;4572.086836494507;28429.37109375;-29.554058074951172;2807.0483453574097;4794.435801974305;48470.0234375;-2117.51025390625;9365.077189193524;3405.258398939697;14958.48046875;0.0;8736.642728679337;3906.7015683247187;15914.80078125;0.0;9910.3937532019;2786.275317193267;21735.966796875;0.0
