FILE_ID;DX_GROUP;DSM_IV_TR;SEX;AGE_AT_SCAN;HANDEDNESS_CATEGORY;SITE_ID;EXISTS;START_TIME;END_TIME;SUBJ_AVG;SUBJ_STD;SUBJ_MAX;SUBJ_MIN;SITE_AVG;SITE_STD;SITE_MAX;SITE_MIN;SET_AVG;SET_STD;SET_MAX;SET_MIN;ROI_SUBJ_AVG;ROI_SUBJ_STD;ROI_SUBJ_MAX;ROI_SUBJ_MIN;ROI_SITE_AVG;ROI_SITE_STD;ROI_SITE_MAX;ROI_SITE_MIN;ROI_SET_AVG;ROI_SET_STD;ROI_SET_MAX;ROI_SET_MIN
Stanford_0051167;1;-9999;2;11.8789;R;STANFORD;;0;176;2944.406419472077;4818.754109346539;24131.349609375;-28.439804077148438;3163.906336377843;4884.81553947786;37613.6171875;-493.242919921875;2807.0483453574097;4794.435801974305;48470.0234375;-2117.51025390625;9958.41802170529;2775.863127498316;14754.7001953125;2805.322509765625;10633.192423912604;2491.3163255669274;16447.646484375;671.5270385742188;9910.3937532019;2786.275317193267;21735.966796875;0.0
