FILE_ID;DX_GROUP;DSM_IV_TR;SEX;AGE_AT_SCAN;HANDEDNESS_CATEGORY;SITE_ID;EXISTS;START_TIME;END_TIME;SUBJ_AVG;SUBJ_STD;SUBJ_MAX;SUBJ_MIN;SITE_AVG;SITE_STD;SITE_MAX;SITE_MIN;SET_AVG;SET_STD;SET_MAX;SET_MIN;ROI_SUBJ_AVG;ROI_SUBJ_STD;ROI_SUBJ_MAX;ROI_SUBJ_MIN;ROI_SITE_AVG;ROI_SITE_STD;ROI_SITE_MAX;ROI_SITE_MIN;ROI_SET_AVG;ROI_SET_STD;ROI_SET_MAX;ROI_SET_MIN
USM_0050526;1;1;1;50.2231;;USM;;0;231;2693.853640726505;4732.232493889551;20317.513671875;-66.6942138671875;2828.0746782735837;4796.46773322286;23290.9453125;-404.7467041015625;2807.0483453574097;4794.435801974305;48470.0234375;-2117.51025390625;9728.339185062254;2520.9294937787613;13238.2783203125;906.7482299804688;9876.71898998899;2429.0062683921224;14974.1376953125;123.80760955810548;9910.3937532019;2786.275317193267;21735.966796875;0.0
