FILE_ID;DX_GROUP;DSM_IV_TR;SEX;AGE_AT_SCAN;HANDEDNESS_CATEGORY;SITE_ID;EXISTS;START_TIME;END_TIME;SUBJ_AVG;SUBJ_STD;SUBJ_MAX;SUBJ_MIN;SITE_AVG;SITE_STD;SITE_MAX;SITE_MIN;SET_AVG;SET_STD;SET_MAX;SET_MIN;ROI_SUBJ_AVG;ROI_SUBJ_STD;ROI_SUBJ_MAX;ROI_SUBJ_MIN;ROI_SITE_AVG;ROI_SITE_STD;ROI_SITE_MAX;ROI_SITE_MIN;ROI_SET_AVG;ROI_SET_STD;ROI_SET_MAX;ROI_SET_MIN
Stanford_0051196;2;-9999;1;11.8816;R;STANFORD;;0;233;3275.8891911486394;4943.757109664804;22685.2265625;-3.5132737159729004;3163.906336377843;4884.81553947786;37613.6171875;-493.242919921875;2807.0483453574097;4794.435801974305;48470.0234375;-2117.51025390625;10905.033486121154;2433.0026101654585;15932.025390625;3277.768798828125;10633.192423912604;2491.3163255669274;16447.646484375;671.5270385742188;9910.3937532019;2786.275317193267;21735.966796875;0.0
