FILE_ID;DX_GROUP;DSM_IV_TR;SEX;AGE_AT_SCAN;HANDEDNESS_CATEGORY;SITE_ID;EXISTS;START_TIME;END_TIME;SUBJ_AVG;SUBJ_STD;SUBJ_MAX;SUBJ_MIN;SITE_AVG;SITE_STD;SITE_MAX;SITE_MIN;SET_AVG;SET_STD;SET_MAX;SET_MIN;ROI_SUBJ_AVG;ROI_SUBJ_STD;ROI_SUBJ_MAX;ROI_SUBJ_MIN;ROI_SITE_AVG;ROI_SITE_STD;ROI_SITE_MAX;ROI_SITE_MIN;ROI_SET_AVG;ROI_SET_STD;ROI_SET_MAX;ROI_SET_MIN
KKI_0050791;1;1;1;10.18;R;KKI;;0;123;2866.07532026324;4911.336616920003;27853.3125;-15.657261848449707;2824.3831602014443;4883.029132558448;36303.0390625;-1165.161865234375;2807.0483453574097;4794.435801974305;48470.0234375;-2117.51025390625;9723.798940495986;2512.279559633342;15371.2939453125;2045.4044189453125;9741.018082960192;2585.583312581336;16721.09765625;695.4088745117188;9910.3937532019;2786.275317193267;21735.966796875;0.0
KKI_0050792;1;2;2;8.2;Mixed;KKI;;0;123;2725.4823850801704;4835.417006370515;24433.30859375;-124.09064483642578;2824.3831602014443;4883.029132558448;36303.0390625;-1165.161865234375;2807.0483453574097;4794.435801974305;48470.0234375;-2117.51025390625;9583.464629546324;2705.4040159926462;15427.9130859375;935.7296142578124;9741.018082960192;2585.583312581336;16721.09765625;695.4088745117188;9910.3937532019;2786.275317193267;21735.966796875;0.0
